8411 JP equity,8306 JP equity
8411 JP equity,8316 JP equity
8411 JP equity,8604 JP equity
8411 JP equity,8591 JP Equity
8411 JP equity,1615 JP Equity
8306 JP equity,8316 JP equity
8306 JP equity,8604 JP equity
8306 JP equity,8591 JP Equity
8306 JP equity,1615 JP Equity
8316 JP equity,8604 JP equity
8316 JP equity,8591 JP Equity
8316 JP equity,1615 JP Equity
8604 JP equity,8591 JP Equity
8604 JP equity,1615 JP Equity
8591 JP Equity,1615 JP Equity
8591 JP Equity,8593 JP Equity
8591 JP Equity,8439 JP Equity
8591 JP Equity,8802 JP Equity
8591 JP Equity,8801 JP Equity
105560 KS Equity,055550 KS Equity
105560 KS Equity,091170 KS Equity
055550 KS Equity,091170 KS Equity
AFL Equity,8766 JP Equity
AFL Equity,8725 JP Equity
AFL Equity,8630 JP Equity
8766 JP Equity,8725 JP Equity
8766 JP Equity,8630 JP Equity
8725 JP Equity,8630 JP Equity
6301 JP equity,6501 JP equity
6301 JP equity,6305 JP Equity
6301 JP equity,5406 JP Equity
6301 JP equity,6302 JP Equity
6501 JP equity,6305 JP Equity
6501 JP equity,5406 JP Equity
6501 JP equity,6302 JP Equity
6305 JP Equity,5406 JP Equity
6305 JP Equity,6302 JP Equity
5406 JP Equity,6302 JP Equity
902 HK Equity,991 HK Equity
902 HK Equity,836 HK Equity
902 HK Equity,916 HK Equity
902 HK Equity,1071 HK Equity
902 HK Equity,958 HK Equity
902 HK Equity,816 HK Equity
991 HK Equity,836 HK Equity
991 HK Equity,916 HK Equity
991 HK Equity,1071 HK Equity
991 HK Equity,958 HK Equity
991 HK Equity,816 HK Equity
836 HK Equity,916 HK Equity
836 HK Equity,1071 HK Equity
836 HK Equity,958 HK Equity
836 HK Equity,816 HK Equity
916 HK Equity,1071 HK Equity
916 HK Equity,958 HK Equity
916 HK Equity,816 HK Equity
1071 HK Equity,958 HK Equity
1071 HK Equity,816 HK Equity
958 HK Equity,816 HK Equity
9107 jp equity,9104 JP equity
9107 jp equity,9101 JP equity
9104 JP equity,9101 JP equity
1138 HK equity,2866 HK equity
1138 HK equity,1919 HK Equity
1138 HK equity,2343 HK Equity
1138 HK equity,316 HK Equity
1138 HK equity,144 HK equity
1138 HK equity,1199 HK equity
2866 HK equity,1919 HK Equity
2866 HK equity,2343 HK Equity
2866 HK equity,316 HK Equity
2866 HK equity,144 HK equity
2866 HK equity,1199 HK equity
1919 HK Equity,2343 HK Equity
1919 HK Equity,316 HK Equity
1919 HK Equity,144 HK equity
1919 HK Equity,1199 HK equity
2343 HK Equity,316 HK Equity
2343 HK Equity,144 HK equity
2343 HK Equity,1199 HK equity
316 HK Equity,144 HK equity
316 HK Equity,1199 HK equity
144 HK equity,1199 HK equity
7201 JP equity,7203 JP equity
7201 JP equity,7267 JP equity
7201 JP equity,7270 JP equity
7203 JP equity,7267 JP equity
7203 JP equity,7270 JP equity
7267 JP equity,7270 JP equity
857 HK Equity,883 HK equity
857 HK Equity,386 HK equity
857 HK Equity,135 HK Equity
857 HK Equity,338 HK equity
883 HK equity,386 HK equity
883 HK equity,135 HK Equity
883 HK equity,338 HK equity
386 HK equity,135 HK Equity
386 HK equity,338 HK equity
135 HK Equity,338 HK equity
1171 HK Equity,1088 HK equity
1171 HK Equity,1898 HK Equity
1088 HK equity,1898 HK Equity
2600 HK Equity,1378 HK Equity
2600 HK Equity,358 HK Equity
2600 HK Equity,486 HK Equity
1378 HK Equity,358 HK Equity
1378 HK Equity,486 HK Equity
358 HK Equity,486 HK Equity
5411 JP Equity,5406 JP Equity
5411 JP Equity,5401 JP Equity
5411 JP Equity,5486 JP Equity
5406 JP Equity,5401 JP Equity
5406 JP Equity,5486 JP Equity
5401 JP Equity,5486 JP Equity
9432 JP equity,9437 JP equity
9432 JP equity,9984 JP equity
9432 JP equity,9433 JP equity
9437 JP equity,9984 JP equity
9437 JP equity,9433 JP equity
9984 JP equity,9433 JP equity
941 HK equity,728 HK equity
941 HK equity,762 HK equity
941 HK equity,700 HK Equity
728 HK equity,762 HK equity
728 HK equity,700 HK Equity
762 HK equity,700 HK Equity
017670 KS equity,030200 KS equity
1055 HK Equity,670 HK Equity
1055 HK Equity,753 HK Equity
670 HK Equity,753 HK Equity
3481 TT Equity,2409 TT Equity
3481 TT Equity,0052 TT Equity
2409 TT Equity,0052 TT Equity
034220 KS Equity,005930 KS Equity
034220 KS Equity,139260 KS Equity
005930 KS Equity,139260 KS Equity
7751 JP Equity,7752 JP Equity
7751 JP Equity,7731 JP Equity
2628 HK Equity,2318 HK Equity
2628 HK Equity,1336 HK Equity
2628 HK Equity,2601 HK Equity
2318 HK Equity,1336 HK Equity
2318 HK Equity,2601 HK Equity
1336 HK Equity,2601 HK Equity
2333 HK Equity,489 HK Equity
2333 HK Equity,1211 HK Equity
2333 HK Equity,175 HK Equity
2333 HK Equity,2238 HK Equity
489 HK Equity,1211 HK Equity
489 HK Equity,175 HK Equity
489 HK Equity,2238 HK Equity
1211 HK Equity,175 HK Equity
1211 HK Equity,2238 HK Equity
175 HK Equity,2238 HK Equity
